{
    "total_students": 105,
    "average_assignment_score": 66.85555555555555,
    "average_quiz_score": 63.20879120879121,
    "average_study_hours": 6.206190476190476,
    "most_common_topic": "Python Basics"
}